<?xml version="1.0" encoding="UTF-8" standalone="no"?>
<!--WARNING: DO NOT EDIT THIS FILE. THIS FILE IS MANAGED BY SPRING ROO.--><database name="deprecated" package="sre.domain">
    <option key="moduleName" value=""/>
    <option key="activeRecord" value="true"/>
    <option key="includeNonPortableAttributes" value="false"/>
    <option key="testAutomatically" value="false"/>
    <table alias="public" name="area_influencia">
        <column name="id" primaryKey="true" required="true" scale="0" size="19" type="-5,bigserial"/>
        <column name="descricao" primaryKey="false" required="true" scale="0" size="100" type="12,varchar"/>
        <column name="importancia" primaryKey="false" required="true" scale="0" size="10" type="4,int4"/>
        <foreign-key foreignTable="pessoa_influencia" name="area_influencia_pessoa_influencia_fk" onDelete="none" onUpdate="none">
            <option key="foreignSchemaName" value="public"/>
            <option key="exported" value="true"/>
            <reference foreign="area" local="id"/>
        </foreign-key>
        <unique name="area_influencia_pk">
            <unique-column name="id"/>
        </unique>
    </table>
    <table alias="public" name="aux_respostas">
        <column name="id" primaryKey="true" required="true" scale="0" size="19" type="-5,bigserial"/>
        <column description="SIM,&#10;NÃO,&#10;TALVEZ,&#10;AGUARDANDO RESPOSTA,&#10;NÃO FOI QUESTIONADO" name="descricao" primaryKey="false" required="true" scale="0" size="70" type="12,varchar"/>
        <foreign-key foreignTable="socio_politico" name="aux_respostas_socio_politico_fk" onDelete="none" onUpdate="none">
            <option key="foreignSchemaName" value="public"/>
            <option key="exported" value="true"/>
            <reference foreign="placa" local="id"/>
        </foreign-key>
        <foreign-key foreignTable="socio_politico" name="aux_respostas_socio_politico_fk1" onDelete="none" onUpdate="none">
            <option key="foreignSchemaName" value="public"/>
            <option key="exported" value="true"/>
            <reference foreign="voto" local="id"/>
        </foreign-key>
        <unique name="aux_respostas_pk">
            <unique-column name="id"/>
        </unique>
    </table>
    <table alias="public" name="captador_relacionamento">
        <column name="id" primaryKey="true" required="true" scale="0" size="19" type="-5,bigserial"/>
        <column description="Amigo,&#10;Conhecido,&#10;Cunhado,&#10;Primo, etc..." name="descricao" primaryKey="false" required="true" scale="0" size="45" type="12,varchar"/>
        <foreign-key foreignTable="socio_politico" name="captador_rel_sociopolitico_fk" onDelete="none" onUpdate="none">
            <option key="foreignSchemaName" value="public"/>
            <option key="exported" value="true"/>
            <reference foreign="captador_relacionameto" local="id"/>
        </foreign-key>
        <unique name="captador_relacionamento_pk">
            <unique-column name="id"/>
        </unique>
    </table>
    <table alias="public" name="comite_bens">
        <column name="id" primaryKey="true" required="true" scale="0" size="19" type="-5,bigserial"/>
        <column name="comite" primaryKey="false" required="true" scale="0" size="19" type="-5,int8"/>
        <column name="descricao" primaryKey="false" required="true" scale="0" size="2147483647" type="12,text"/>
        <column name="origem" primaryKey="false" required="true" scale="0" size="100" type="12,varchar"/>
        <column name="responsavel" primaryKey="false" required="true" scale="0" size="19" type="-5,int8"/>
        <foreign-key foreignTable="comites" name="comites_comite_bens_fk" onDelete="none" onUpdate="none">
            <option key="foreignSchemaName" value="public"/>
            <option key="exported" value="false"/>
            <reference foreign="id" local="comite"/>
        </foreign-key>
        <foreign-key foreignTable="pessoa_fisica" name="pessoa_fisica_comite_bens_fk" onDelete="none" onUpdate="none">
            <option key="foreignSchemaName" value="public"/>
            <option key="exported" value="false"/>
            <reference foreign="id" local="responsavel"/>
        </foreign-key>
        <unique name="comite_bens_pk">
            <unique-column name="id"/>
        </unique>
    </table>
    <table alias="public" name="comites">
        <column name="id" primaryKey="true" required="true" scale="0" size="19" type="-5,bigserial"/>
        <column name="descricao" primaryKey="false" required="true" scale="0" size="100" type="12,varchar"/>
        <column name="publico_alvo" primaryKey="false" required="true" scale="0" size="19" type="-5,int8"/>
        <column name="responsavel" primaryKey="false" required="true" scale="0" size="19" type="-5,int8"/>
        <column name="bairro" primaryKey="false" required="true" scale="0" size="19" type="-5,int8"/>
        <column name="localizacao" primaryKey="false" required="true" scale="0" size="2147483647" type="12,text"/>
        <column name="contato_local" primaryKey="false" required="true" scale="0" size="2147483647" type="12,text"/>
        <foreign-key foreignTable="end_bairros" name="end_bairros_comites_fk" onDelete="none" onUpdate="none">
            <option key="foreignSchemaName" value="public"/>
            <option key="exported" value="false"/>
            <reference foreign="id" local="bairro"/>
        </foreign-key>
        <foreign-key foreignTable="pessoa_fisica" name="pessoa_fisica_comites_fk" onDelete="none" onUpdate="none">
            <option key="foreignSchemaName" value="public"/>
            <option key="exported" value="false"/>
            <reference foreign="id" local="responsavel"/>
        </foreign-key>
        <foreign-key foreignTable="publico_alvo" name="publico_alvo_comites_fk" onDelete="none" onUpdate="none">
            <option key="foreignSchemaName" value="public"/>
            <option key="exported" value="false"/>
            <reference foreign="id" local="publico_alvo"/>
        </foreign-key>
        <foreign-key foreignTable="comite_bens" name="comites_comite_bens_fk" onDelete="none" onUpdate="none">
            <option key="foreignSchemaName" value="public"/>
            <option key="exported" value="true"/>
            <reference foreign="comite" local="id"/>
        </foreign-key>
        <unique name="comites_pk">
            <unique-column name="id"/>
        </unique>
    </table>
    <table alias="public" name="contato_tipo">
        <column name="id" primaryKey="true" required="true" scale="0" size="19" type="-5,bigserial"/>
        <column description="incluir redes sociais" name="descricao" primaryKey="false" required="true" scale="0" size="70" type="12,varchar"/>
        <column name="telefone" primaryKey="false" required="true" scale="0" size="1" type="-7,bool"/>
        <foreign-key foreignTable="pessoa_contatos" name="contato_tipo_pessoa_contatos_fk" onDelete="none" onUpdate="none">
            <option key="foreignSchemaName" value="public"/>
            <option key="exported" value="true"/>
            <reference foreign="tipo" local="id"/>
        </foreign-key>
        <unique name="contato_tipo_pk">
            <unique-column name="id"/>
        </unique>
    </table>
    <table alias="public" name="deficiencia_tipo">
        <column name="id" primaryKey="true" required="true" scale="0" size="19" type="-5,bigserial"/>
        <column name="descricao" primaryKey="false" required="true" scale="0" size="100" type="12,varchar"/>
        <foreign-key foreignTable="pessoa_fisica" name="deficiencia_tipo_pessoa_fisica_fk" onDelete="none" onUpdate="none">
            <option key="foreignSchemaName" value="public"/>
            <option key="exported" value="true"/>
            <reference foreign="deficiencia_tipo" local="id"/>
        </foreign-key>
        <unique name="deficiencia_tipo_pk">
            <unique-column name="id"/>
        </unique>
    </table>
    <table alias="public" name="doacao">
        <column name="id" primaryKey="true" required="true" scale="0" size="19" type="-5,bigserial"/>
        <column name="pessoa" primaryKey="false" required="true" scale="0" size="19" type="-5,int8"/>
        <column name="data" primaryKey="false" required="true" scale="0" size="13" type="91,date"/>
        <column name="tipo" primaryKey="false" required="true" scale="0" size="19" type="-5,int8"/>
        <column name="qtd" primaryKey="false" required="true" scale="0" size="10" type="4,int4"/>
        <column name="valor" primaryKey="false" required="true" scale="2" size="9" type="2,numeric"/>
        <column name="obs" primaryKey="false" required="true" scale="0" size="2147483647" type="12,text"/>
        <foreign-key foreignTable="doacao_tipo" name="ds_tipo_ds_fk" onDelete="none" onUpdate="none">
            <option key="foreignSchemaName" value="public"/>
            <option key="exported" value="false"/>
            <reference foreign="id" local="tipo"/>
        </foreign-key>
        <foreign-key foreignTable="pessoa_fisica" name="pessoa_fisica_doacao_fk" onDelete="none" onUpdate="none">
            <option key="foreignSchemaName" value="public"/>
            <option key="exported" value="false"/>
            <reference foreign="id" local="pessoa"/>
        </foreign-key>
        <unique name="pk_doacao_social">
            <unique-column name="id"/>
        </unique>
    </table>
    <table alias="public" name="doacao_tipo">
        <column name="id" primaryKey="true" required="true" scale="0" size="19" type="-5,bigserial"/>
        <column name="descricao" primaryKey="false" required="true" scale="0" size="2147483647" type="12,text"/>
        <column name="valor" primaryKey="false" required="true" scale="2" size="9" type="2,numeric"/>
        <column name="valor_min" primaryKey="false" required="true" scale="2" size="9" type="2,numeric"/>
        <column name="valor_max" primaryKey="false" required="true" scale="2" size="9" type="2,numeric"/>
        <column name="beneficio_coletivo" primaryKey="false" required="true" scale="0" size="1" type="-7,bool"/>
        <foreign-key foreignTable="doacao" name="ds_tipo_ds_fk" onDelete="none" onUpdate="none">
            <option key="foreignSchemaName" value="public"/>
            <option key="exported" value="true"/>
            <reference foreign="tipo" local="id"/>
        </foreign-key>
        <unique name="doacao_tipo_pk">
            <unique-column name="id"/>
        </unique>
    </table>
    <table alias="public" name="end_bairros">
        <column name="id" primaryKey="true" required="true" scale="0" size="19" type="-5,bigserial"/>
        <column name="bairro" primaryKey="false" required="true" scale="0" size="100" type="12,varchar"/>
        <column name="municipio" primaryKey="false" required="true" scale="0" size="19" type="-5,int8"/>
        <column name="zona" primaryKey="false" required="true" scale="0" size="19" type="-5,int8"/>
        <foreign-key foreignTable="end_municipios" name="end_municipios_end_bairros_fk" onDelete="none" onUpdate="none">
            <option key="foreignSchemaName" value="public"/>
            <option key="exported" value="false"/>
            <reference foreign="id" local="municipio"/>
        </foreign-key>
        <foreign-key foreignTable="end_zona" name="end_zona_end_bairros_fk" onDelete="none" onUpdate="none">
            <option key="foreignSchemaName" value="public"/>
            <option key="exported" value="false"/>
            <reference foreign="id" local="zona"/>
        </foreign-key>
        <foreign-key foreignTable="comites" name="end_bairros_comites_fk" onDelete="none" onUpdate="none">
            <option key="foreignSchemaName" value="public"/>
            <option key="exported" value="true"/>
            <reference foreign="bairro" local="id"/>
        </foreign-key>
        <foreign-key foreignTable="enderecos" name="end_bairros_enderecos_fk" onDelete="none" onUpdate="none">
            <option key="foreignSchemaName" value="public"/>
            <option key="exported" value="true"/>
            <reference foreign="bairro" local="id"/>
        </foreign-key>
        <foreign-key foreignTable="eventos" name="end_bairros_eventos_fk" onDelete="none" onUpdate="none">
            <option key="foreignSchemaName" value="public"/>
            <option key="exported" value="true"/>
            <reference foreign="bairro" local="id"/>
        </foreign-key>
        <foreign-key foreignTable="grupo_atuacao" name="end_bairros_grupo_atuacao_fk" onDelete="none" onUpdate="none">
            <option key="foreignSchemaName" value="public"/>
            <option key="exported" value="true"/>
            <reference foreign="bairro" local="id"/>
        </foreign-key>
        <foreign-key foreignTable="pessoa_endereco" name="end_bairros_pessoa_endereco_fk" onDelete="none" onUpdate="none">
            <option key="foreignSchemaName" value="public"/>
            <option key="exported" value="true"/>
            <reference foreign="bairro" local="id"/>
        </foreign-key>
        <foreign-key foreignTable="socio_politico" name="end_bairros_socio_politico_fk" onDelete="none" onUpdate="none">
            <option key="foreignSchemaName" value="public"/>
            <option key="exported" value="true"/>
            <reference foreign="bairro_voto" local="id"/>
        </foreign-key>
        <foreign-key foreignTable="zonas_secoes" name="end_bairros_zonas_secoes_fk" onDelete="none" onUpdate="none">
            <option key="foreignSchemaName" value="public"/>
            <option key="exported" value="true"/>
            <reference foreign="bairro" local="id"/>
        </foreign-key>
        <unique name="end_bairros_pk">
            <unique-column name="id"/>
        </unique>
    </table>
    <table alias="public" name="end_estados">
        <column name="id" primaryKey="true" required="true" scale="0" size="19" type="-5,bigserial"/>
        <column name="uf" primaryKey="false" required="true" scale="0" size="2" type="1,bpchar"/>
        <column name="estado" primaryKey="false" required="true" scale="0" size="100" type="12,varchar"/>
        <column name="pais" primaryKey="false" required="true" scale="0" size="19" type="-5,int8"/>
        <foreign-key foreignTable="end_paises" name="end_paises_end_estados_fk" onDelete="none" onUpdate="none">
            <option key="foreignSchemaName" value="public"/>
            <option key="exported" value="false"/>
            <reference foreign="id" local="pais"/>
        </foreign-key>
        <foreign-key foreignTable="end_municipios" name="end_estados_end_municipios_fk" onDelete="none" onUpdate="none">
            <option key="foreignSchemaName" value="public"/>
            <option key="exported" value="true"/>
            <reference foreign="estado" local="id"/>
        </foreign-key>
        <unique name="end_estados_pk">
            <unique-column name="id"/>
        </unique>
    </table>
    <table alias="public" name="end_logradouro_tipo">
        <column name="id" primaryKey="true" required="true" scale="0" size="19" type="-5,bigserial"/>
        <column name="descricao" primaryKey="false" required="true" scale="0" size="70" type="12,varchar"/>
        <foreign-key foreignTable="end_logradouros" name="end_logradouro_tipo_end_logradouros_fk" onDelete="none" onUpdate="none">
            <option key="foreignSchemaName" value="public"/>
            <option key="exported" value="true"/>
            <reference foreign="tipo" local="id"/>
        </foreign-key>
        <unique name="end_logradouro_tipo_pk">
            <unique-column name="id"/>
        </unique>
    </table>
    <table alias="public" name="end_logradouros">
        <column name="id" primaryKey="true" required="true" scale="0" size="19" type="-5,bigserial"/>
        <column name="tipo" primaryKey="false" required="true" scale="0" size="19" type="-5,int8"/>
        <column name="logradouro" primaryKey="false" required="true" scale="0" size="120" type="12,varchar"/>
        <column name="logradouro_antigo" primaryKey="false" required="true" scale="0" size="10" type="4,int4"/>
        <foreign-key foreignTable="end_logradouro_tipo" name="end_logradouro_tipo_end_logradouros_fk" onDelete="none" onUpdate="none">
            <option key="foreignSchemaName" value="public"/>
            <option key="exported" value="false"/>
            <reference foreign="id" local="tipo"/>
        </foreign-key>
        <foreign-key foreignTable="enderecos" name="end_logradouros_enderecos_fk" onDelete="none" onUpdate="none">
            <option key="foreignSchemaName" value="public"/>
            <option key="exported" value="true"/>
            <reference foreign="logradouro" local="id"/>
        </foreign-key>
        <unique name="end_logradouros_pk">
            <unique-column name="id"/>
        </unique>
    </table>
    <table alias="public" name="end_municipios">
        <column name="id" primaryKey="true" required="true" scale="0" size="19" type="-5,bigserial"/>
        <column name="municipio" primaryKey="false" required="true" scale="0" size="100" type="12,varchar"/>
        <column name="ibge" primaryKey="false" required="false" scale="0" size="12" type="12,varchar"/>
        <column name="estado" primaryKey="false" required="true" scale="0" size="19" type="-5,int8"/>
        <foreign-key foreignTable="end_estados" name="end_estados_end_municipios_fk" onDelete="none" onUpdate="none">
            <option key="foreignSchemaName" value="public"/>
            <option key="exported" value="false"/>
            <reference foreign="id" local="estado"/>
        </foreign-key>
        <foreign-key foreignTable="end_bairros" name="end_municipios_end_bairros_fk" onDelete="none" onUpdate="none">
            <option key="foreignSchemaName" value="public"/>
            <option key="exported" value="true"/>
            <reference foreign="municipio" local="id"/>
        </foreign-key>
        <foreign-key foreignTable="pessoa_fisica" name="end_municipios_pessoa_fisica_fk" onDelete="none" onUpdate="none">
            <option key="foreignSchemaName" value="public"/>
            <option key="exported" value="true"/>
            <reference foreign="naturalde" local="id"/>
        </foreign-key>
        <foreign-key foreignTable="socio_politico" name="end_municipios_socio_politico_fk" onDelete="none" onUpdate="none">
            <option key="foreignSchemaName" value="public"/>
            <option key="exported" value="true"/>
            <reference foreign="municipio_voto" local="id"/>
        </foreign-key>
        <unique name="end_municipios_pk">
            <unique-column name="id"/>
        </unique>
    </table>
    <table alias="public" name="end_paises">
        <column name="id" primaryKey="true" required="true" scale="0" size="19" type="-5,bigserial"/>
        <column name="pais" primaryKey="false" required="true" scale="0" size="100" type="12,varchar"/>
        <column name="sigla" primaryKey="false" required="true" scale="0" size="3" type="12,varchar"/>
        <foreign-key foreignTable="end_estados" name="end_paises_end_estados_fk" onDelete="none" onUpdate="none">
            <option key="foreignSchemaName" value="public"/>
            <option key="exported" value="true"/>
            <reference foreign="pais" local="id"/>
        </foreign-key>
        <unique name="end_paises_pk">
            <unique-column name="id"/>
        </unique>
    </table>
    <table alias="public" name="end_zona">
        <column name="id" primaryKey="true" required="true" scale="0" size="19" type="-5,bigserial"/>
        <column name="zona" primaryKey="false" required="true" scale="0" size="100" type="12,varchar"/>
        <foreign-key foreignTable="end_bairros" name="end_zona_end_bairros_fk" onDelete="none" onUpdate="none">
            <option key="foreignSchemaName" value="public"/>
            <option key="exported" value="true"/>
            <reference foreign="zona" local="id"/>
        </foreign-key>
        <unique name="end_zona_pk">
            <unique-column name="id"/>
        </unique>
    </table>
    <table alias="public" name="endereco_descricao">
        <column name="id" primaryKey="true" required="true" scale="0" size="19" type="-5,bigserial"/>
        <column name="descricao" primaryKey="false" required="true" scale="0" size="70" type="12,varchar"/>
        <foreign-key foreignTable="pessoa_endereco" name="endereco_descricao_pessoa_endereco_fk" onDelete="none" onUpdate="none">
            <option key="foreignSchemaName" value="public"/>
            <option key="exported" value="true"/>
            <reference foreign="descricao" local="id"/>
        </foreign-key>
        <unique name="endereco_descricao_pk">
            <unique-column name="id"/>
        </unique>
    </table>
    <table alias="public" name="enderecos">
        <column name="id" primaryKey="true" required="true" scale="0" size="19" type="-5,bigserial"/>
        <column name="cep" primaryKey="false" required="false" scale="0" size="10" type="12,varchar"/>
        <column name="bairro" primaryKey="false" required="true" scale="0" size="19" type="-5,int8"/>
        <column name="logradouro" primaryKey="false" required="true" scale="0" size="19" type="-5,int8"/>
        <foreign-key foreignTable="end_bairros" name="end_bairros_enderecos_fk" onDelete="none" onUpdate="none">
            <option key="foreignSchemaName" value="public"/>
            <option key="exported" value="false"/>
            <reference foreign="id" local="bairro"/>
        </foreign-key>
        <foreign-key foreignTable="end_logradouros" name="end_logradouros_enderecos_fk" onDelete="none" onUpdate="none">
            <option key="foreignSchemaName" value="public"/>
            <option key="exported" value="false"/>
            <reference foreign="id" local="logradouro"/>
        </foreign-key>
        <unique name="enderecos_pk">
            <unique-column name="id"/>
        </unique>
    </table>
    <table alias="public" name="escolaridade">
        <column name="id" primaryKey="true" required="true" scale="0" size="19" type="-5,bigserial"/>
        <column name="descricao" primaryKey="false" required="true" scale="0" size="100" type="12,varchar"/>
        <column name="peso" primaryKey="false" required="true" scale="0" size="10" type="4,int4"/>
        <foreign-key foreignTable="socio_politico" name="escolaridade_socio_politico_fk" onDelete="none" onUpdate="none">
            <option key="foreignSchemaName" value="public"/>
            <option key="exported" value="true"/>
            <reference foreign="escolaridade" local="id"/>
        </foreign-key>
        <unique name="escolaridade_pk">
            <unique-column name="id"/>
        </unique>
    </table>
    <table alias="public" name="estado_civil">
        <column name="id" primaryKey="true" required="true" scale="0" size="19" type="-5,bigserial"/>
        <column name="descricao" primaryKey="false" required="true" scale="0" size="70" type="12,varchar"/>
        <foreign-key foreignTable="pessoa_fisica" name="estado_civil_pessoa_fisica_fk" onDelete="none" onUpdate="none">
            <option key="foreignSchemaName" value="public"/>
            <option key="exported" value="true"/>
            <reference foreign="estado_civil" local="id"/>
        </foreign-key>
        <unique name="estado_civil_pk">
            <unique-column name="id"/>
        </unique>
    </table>
    <table alias="public" name="evento_objetivo">
        <column name="id" primaryKey="true" required="true" scale="0" size="19" type="-5,bigserial"/>
        <column name="descricao" primaryKey="false" required="true" scale="0" size="100" type="12,varchar"/>
        <foreign-key foreignTable="eventos" name="eventos_objetivo_eventos_fk" onDelete="none" onUpdate="none">
            <option key="foreignSchemaName" value="public"/>
            <option key="exported" value="true"/>
            <reference foreign="id" local="id"/>
        </foreign-key>
        <unique name="evento_objetivo_pk">
            <unique-column name="id"/>
        </unique>
    </table>
    <table alias="public" name="eventos">
        <column name="id" primaryKey="true" required="true" scale="0" size="19" type="-5,bigserial"/>
        <column name="descricao" primaryKey="false" required="true" scale="0" size="100" type="12,varchar"/>
        <column name="publico_alvo" primaryKey="false" required="true" scale="0" size="19" type="-5,int8"/>
        <column name="data_agenda" primaryKey="false" required="true" scale="0" size="13" type="91,date"/>
        <column name="horario_agenda" primaryKey="false" required="true" scale="0" size="9" type="12,varchar"/>
        <column name="satisfacao" primaryKey="false" required="true" scale="0" size="10" type="4,int4"/>
        <column name="realizado" primaryKey="false" required="true" scale="0" size="1" type="-7,bool"/>
        <column name="bairro" primaryKey="false" required="true" scale="0" size="19" type="-5,int8"/>
        <column name="pessoas_estimativa" primaryKey="false" required="true" scale="0" size="10" type="4,int4"/>
        <column name="pessoas_presentes" primaryKey="false" required="true" scale="0" size="10" type="4,int4"/>
        <column name="gps_latitude" primaryKey="false" required="false" scale="17" size="17" type="8,float8"/>
        <column name="gps_longitude" primaryKey="false" required="false" scale="17" size="17" type="8,float8"/>
        <foreign-key foreignTable="end_bairros" name="end_bairros_eventos_fk" onDelete="none" onUpdate="none">
            <option key="foreignSchemaName" value="public"/>
            <option key="exported" value="false"/>
            <reference foreign="id" local="bairro"/>
        </foreign-key>
        <foreign-key foreignTable="evento_objetivo" name="eventos_objetivo_eventos_fk" onDelete="none" onUpdate="none">
            <option key="foreignSchemaName" value="public"/>
            <option key="exported" value="false"/>
            <reference foreign="id" local="id"/>
        </foreign-key>
        <foreign-key foreignTable="publico_alvo" name="publico_alvo_eventos_fk" onDelete="none" onUpdate="none">
            <option key="foreignSchemaName" value="public"/>
            <option key="exported" value="false"/>
            <reference foreign="id" local="publico_alvo"/>
        </foreign-key>
        <unique name="eventos_pk">
            <unique-column name="id"/>
        </unique>
    </table>
    <table alias="public" name="familia">
        <column name="id" primaryKey="true" required="true" scale="0" size="19" type="-5,bigserial"/>
        <column name="pessoa" primaryKey="false" required="true" scale="0" size="19" type="-5,int8"/>
        <column name="pessoa_parent" primaryKey="false" required="true" scale="0" size="19" type="-5,int8"/>
        <column name="parentesco" primaryKey="false" required="true" scale="0" size="19" type="-5,int8"/>
        <column name="nome" primaryKey="false" required="true" scale="0" size="100" type="12,varchar"/>
        <column name="contato" primaryKey="false" required="false" scale="0" size="120" type="12,varchar"/>
        <foreign-key foreignTable="familia_parentesco" name="familia_parentesco_familia_fk" onDelete="none" onUpdate="none">
            <option key="foreignSchemaName" value="public"/>
            <option key="exported" value="false"/>
            <reference foreign="id" local="parentesco"/>
        </foreign-key>
        <foreign-key foreignTable="pessoa_fisica" name="pessoa_fisica_familia_fk" onDelete="none" onUpdate="none">
            <option key="foreignSchemaName" value="public"/>
            <option key="exported" value="false"/>
            <reference foreign="id" local="pessoa"/>
        </foreign-key>
        <foreign-key foreignTable="pessoa_fisica" name="pessoa_fisica_familia_fk1" onDelete="none" onUpdate="none">
            <option key="foreignSchemaName" value="public"/>
            <option key="exported" value="false"/>
            <reference foreign="id" local="pessoa_parent"/>
        </foreign-key>
        <unique name="familia_pk">
            <unique-column name="id"/>
        </unique>
    </table>
    <table alias="public" name="familia_parentesco">
        <column name="id" primaryKey="true" required="true" scale="0" size="19" type="-5,bigserial"/>
        <column name="descricao" primaryKey="false" required="true" scale="0" size="70" type="12,varchar"/>
        <foreign-key foreignTable="familia" name="familia_parentesco_familia_fk" onDelete="none" onUpdate="none">
            <option key="foreignSchemaName" value="public"/>
            <option key="exported" value="true"/>
            <reference foreign="parentesco" local="id"/>
        </foreign-key>
        <unique name="familia_parentesco_pk">
            <unique-column name="id"/>
        </unique>
    </table>
    <table alias="public" name="grupo_atuacao">
        <column name="id" primaryKey="true" required="true" scale="0" size="19" type="-5,bigserial"/>
        <column name="grupo" primaryKey="false" required="true" scale="0" size="19" type="-5,int8"/>
        <column name="objetivo" primaryKey="false" required="true" scale="0" size="19" type="-5,int8"/>
        <column name="bairro" primaryKey="false" required="true" scale="0" size="19" type="-5,int8"/>
        <column name="adesivos" primaryKey="false" required="true" scale="0" size="10" type="4,int4"/>
        <column name="panfletos" primaryKey="false" required="true" scale="0" size="10" type="4,int4"/>
        <column name="periodo_inicio" primaryKey="false" required="true" scale="0" size="13" type="91,date"/>
        <column name="periodo_fim" primaryKey="false" required="false" scale="0" size="13" type="91,date"/>
        <column name="dificuldade" primaryKey="false" required="true" scale="0" size="19" type="-5,int8"/>
        <column name="obs" primaryKey="false" required="true" scale="0" size="2147483647" type="12,text"/>
        <column name="status" primaryKey="false" required="true" scale="0" size="19" type="-5,int8"/>
        <column name="participacao_candidato" primaryKey="false" required="true" scale="0" size="1" type="-7,bool"/>
        <column name="publico_alvo" primaryKey="false" required="true" scale="0" size="19" type="-5,int8"/>
        <foreign-key foreignTable="end_bairros" name="end_bairros_grupo_atuacao_fk" onDelete="none" onUpdate="none">
            <option key="foreignSchemaName" value="public"/>
            <option key="exported" value="false"/>
            <reference foreign="id" local="bairro"/>
        </foreign-key>
        <foreign-key foreignTable="grupo_atuacao_status" name="grupo_status_grupo_atuacao_fk" onDelete="none" onUpdate="none">
            <option key="foreignSchemaName" value="public"/>
            <option key="exported" value="false"/>
            <reference foreign="id" local="status"/>
        </foreign-key>
        <foreign-key foreignTable="grupo_dificuldades" name="grupo_dificuldades_grupo_atuacao_fk" onDelete="none" onUpdate="none">
            <option key="foreignSchemaName" value="public"/>
            <option key="exported" value="false"/>
            <reference foreign="id" local="dificuldade"/>
        </foreign-key>
        <foreign-key foreignTable="grupo_objetivo" name="grupo_objetivo_grupo_atuacao_fk" onDelete="none" onUpdate="none">
            <option key="foreignSchemaName" value="public"/>
            <option key="exported" value="false"/>
            <reference foreign="id" local="objetivo"/>
        </foreign-key>
        <foreign-key foreignTable="grupos_acao" name="grupos_grupo_atuacao_fk" onDelete="none" onUpdate="none">
            <option key="foreignSchemaName" value="public"/>
            <option key="exported" value="false"/>
            <reference foreign="id" local="grupo"/>
        </foreign-key>
        <foreign-key foreignTable="publico_alvo" name="publico_alvo_grupo_atuacao_fk" onDelete="none" onUpdate="none">
            <option key="foreignSchemaName" value="public"/>
            <option key="exported" value="false"/>
            <reference foreign="id" local="publico_alvo"/>
        </foreign-key>
        <unique name="grupo_atuacao_pk">
            <unique-column name="id"/>
        </unique>
    </table>
    <table alias="public" name="grupo_atuacao_status">
        <column name="id" primaryKey="true" required="true" scale="0" size="19" type="-5,bigserial"/>
        <column name="descricao" primaryKey="false" required="true" scale="0" size="70" type="12,varchar"/>
        <foreign-key foreignTable="grupo_atuacao" name="grupo_status_grupo_atuacao_fk" onDelete="none" onUpdate="none">
            <option key="foreignSchemaName" value="public"/>
            <option key="exported" value="true"/>
            <reference foreign="status" local="id"/>
        </foreign-key>
        <unique name="grupo_atuacao_status_pk">
            <unique-column name="id"/>
        </unique>
    </table>
    <table alias="public" name="grupo_dificuldades">
        <column name="id" primaryKey="true" required="true" scale="0" size="19" type="-5,bigserial"/>
        <column name="descricao" primaryKey="false" required="true" scale="0" size="2147483647" type="12,text"/>
        <foreign-key foreignTable="grupo_atuacao" name="grupo_dificuldades_grupo_atuacao_fk" onDelete="none" onUpdate="none">
            <option key="foreignSchemaName" value="public"/>
            <option key="exported" value="true"/>
            <reference foreign="dificuldade" local="id"/>
        </foreign-key>
        <unique name="grupo_dificuldades_pk">
            <unique-column name="id"/>
        </unique>
    </table>
    <table alias="public" name="grupo_objetivo">
        <column name="id" primaryKey="true" required="true" scale="0" size="19" type="-5,bigserial"/>
        <column name="descricao" primaryKey="false" required="true" scale="0" size="2147483647" type="12,text"/>
        <foreign-key foreignTable="grupo_atuacao" name="grupo_objetivo_grupo_atuacao_fk" onDelete="none" onUpdate="none">
            <option key="foreignSchemaName" value="public"/>
            <option key="exported" value="true"/>
            <reference foreign="objetivo" local="id"/>
        </foreign-key>
        <unique name="grupo_objetivo_pk">
            <unique-column name="id"/>
        </unique>
    </table>
    <table alias="public" name="grupos_acao">
        <column name="id" primaryKey="true" required="true" scale="0" size="19" type="-5,bigserial"/>
        <column name="descricao" primaryKey="false" required="true" scale="0" size="70" type="12,varchar"/>
        <column name="pessoa_lider" primaryKey="false" required="true" scale="0" size="19" type="-5,int8"/>
        <foreign-key foreignTable="pessoa_fisica" name="pessoas_grupos_fk" onDelete="none" onUpdate="none">
            <option key="foreignSchemaName" value="public"/>
            <option key="exported" value="false"/>
            <reference foreign="id" local="pessoa_lider"/>
        </foreign-key>
        <foreign-key foreignTable="grupo_atuacao" name="grupos_grupo_atuacao_fk" onDelete="none" onUpdate="none">
            <option key="foreignSchemaName" value="public"/>
            <option key="exported" value="true"/>
            <reference foreign="grupo" local="id"/>
        </foreign-key>
        <foreign-key foreignTable="socio_politico" name="grupos_sociopolitico_fk" onDelete="none" onUpdate="none">
            <option key="foreignSchemaName" value="public"/>
            <option key="exported" value="true"/>
            <reference foreign="grupo" local="id"/>
        </foreign-key>
        <unique name="grupos_acao_pk">
            <unique-column name="id"/>
        </unique>
    </table>
    <table alias="public" name="memoria_politica">
        <column name="id" primaryKey="true" required="true" scale="0" size="19" type="-5,bigserial"/>
        <column name="pessoa" primaryKey="false" required="true" scale="0" size="19" type="-5,int8"/>
        <column name="data" primaryKey="false" required="true" scale="0" size="13" type="91,date"/>
        <column name="local" primaryKey="false" required="true" scale="0" size="70" type="12,varchar"/>
        <column name="assunto" primaryKey="false" required="true" scale="0" size="2147483647" type="12,text"/>
        <column name="situacao" primaryKey="false" required="true" scale="0" size="19" type="-5,int8"/>
        <column name="obs" primaryKey="false" required="false" scale="0" size="2147483647" type="12,text"/>
        <column name="atendente" primaryKey="false" required="true" scale="0" size="70" type="12,varchar"/>
        <column name="usuario" primaryKey="false" required="true" scale="0" size="10" type="4,int4"/>
        <column name="horario" primaryKey="false" required="true" scale="0" size="2147483647" type="12,varchar"/>
        <foreign-key foreignTable="memoria_situacao" name="memoria_situacao_memoria_politica_fk" onDelete="none" onUpdate="none">
            <option key="foreignSchemaName" value="public"/>
            <option key="exported" value="false"/>
            <reference foreign="id" local="situacao"/>
        </foreign-key>
        <foreign-key foreignTable="pessoa_fisica" name="pessoa_fisica_memoria_politica_fk" onDelete="none" onUpdate="none">
            <option key="foreignSchemaName" value="public"/>
            <option key="exported" value="false"/>
            <reference foreign="id" local="pessoa"/>
        </foreign-key>
        <unique name="memoria_politica_pk">
            <unique-column name="id"/>
        </unique>
    </table>
    <table alias="public" name="memoria_situacao">
        <column name="id" primaryKey="true" required="true" scale="0" size="19" type="-5,bigserial"/>
        <column name="descricao" primaryKey="false" required="true" scale="0" size="70" type="12,varchar"/>
        <foreign-key foreignTable="memoria_politica" name="memoria_situacao_memoria_politica_fk" onDelete="none" onUpdate="none">
            <option key="foreignSchemaName" value="public"/>
            <option key="exported" value="true"/>
            <reference foreign="situacao" local="id"/>
        </foreign-key>
        <unique name="memoria_situacao_pk">
            <unique-column name="id"/>
        </unique>
    </table>
    <table alias="public" name="orientacao_politica">
        <column name="id" primaryKey="true" required="true" scale="0" size="19" type="-5,bigserial"/>
        <column name="descricao" primaryKey="false" required="true" scale="0" size="70" type="12,varchar"/>
        <foreign-key foreignTable="socio_politico" name="partidos_sociopolitico_fk" onDelete="none" onUpdate="none">
            <option key="foreignSchemaName" value="public"/>
            <option key="exported" value="true"/>
            <reference foreign="orientacao_politica" local="id"/>
        </foreign-key>
        <unique name="orientacao_politica_pk">
            <unique-column name="id"/>
        </unique>
    </table>
    <table alias="public" name="perfis">
        <column name="id" primaryKey="true" required="true" scale="0" size="19" type="-5,bigserial"/>
        <column name="descricao" primaryKey="false" required="true" scale="0" size="70" type="12,varchar"/>
        <foreign-key foreignTable="usuarios" name="perfis_usuarios_fk" onDelete="none" onUpdate="none">
            <option key="foreignSchemaName" value="public"/>
            <option key="exported" value="true"/>
            <reference foreign="perfil" local="id"/>
        </foreign-key>
        <unique name="perfis_pk">
            <unique-column name="id"/>
        </unique>
    </table>
    <table alias="public" name="pessoa_contatos">
        <column name="id" primaryKey="true" required="true" scale="0" size="19" type="-5,bigserial"/>
        <column name="pessoa" primaryKey="false" required="true" scale="0" size="19" type="-5,int8"/>
        <column name="tipo" primaryKey="false" required="true" scale="0" size="19" type="-5,int8"/>
        <column name="contato" primaryKey="false" required="true" scale="0" size="2147483647" type="12,text"/>
        <foreign-key foreignTable="contato_tipo" name="contato_tipo_pessoa_contatos_fk" onDelete="none" onUpdate="none">
            <option key="foreignSchemaName" value="public"/>
            <option key="exported" value="false"/>
            <reference foreign="id" local="tipo"/>
        </foreign-key>
        <foreign-key foreignTable="pessoa_fisica" name="pessoa_fisica_pessoa_contatos_fk" onDelete="none" onUpdate="none">
            <option key="foreignSchemaName" value="public"/>
            <option key="exported" value="false"/>
            <reference foreign="id" local="pessoa"/>
        </foreign-key>
        <unique name="pessoa_contatos_pk">
            <unique-column name="id"/>
        </unique>
    </table>
    <table alias="public" name="pessoa_endereco">
        <column name="id" primaryKey="true" required="true" scale="0" size="19" type="-5,bigserial"/>
        <column name="pessoa" primaryKey="false" required="true" scale="0" size="19" type="-5,int8"/>
        <column name="descricao" primaryKey="false" required="true" scale="0" size="19" type="-5,int8"/>
        <column name="cep" primaryKey="false" required="false" scale="0" size="10" type="12,varchar"/>
        <column name="estado" primaryKey="false" required="true" scale="0" size="100" type="12,varchar"/>
        <column name="cidade" primaryKey="false" required="true" scale="0" size="100" type="12,varchar"/>
        <column name="bairro" primaryKey="false" required="true" scale="0" size="19" type="-5,int8"/>
        <column name="logradouro" primaryKey="false" required="true" scale="0" size="2147483647" type="12,text"/>
        <column name="numero" primaryKey="false" required="false" scale="0" size="12" type="12,varchar"/>
        <column name="complemento" primaryKey="false" required="false" scale="0" size="50" type="12,varchar"/>
        <column name="gps_latitude" primaryKey="false" required="false" scale="17" size="17" type="8,float8"/>
        <column name="gps_longitude" primaryKey="false" required="false" scale="17" size="17" type="8,float8"/>
        <column name="telefone_local" primaryKey="false" required="true" scale="0" size="2147483647" type="12,text"/>
        <foreign-key foreignTable="end_bairros" name="end_bairros_pessoa_endereco_fk" onDelete="none" onUpdate="none">
            <option key="foreignSchemaName" value="public"/>
            <option key="exported" value="false"/>
            <reference foreign="id" local="bairro"/>
        </foreign-key>
        <foreign-key foreignTable="endereco_descricao" name="endereco_descricao_pessoa_endereco_fk" onDelete="none" onUpdate="none">
            <option key="foreignSchemaName" value="public"/>
            <option key="exported" value="false"/>
            <reference foreign="id" local="descricao"/>
        </foreign-key>
        <foreign-key foreignTable="pessoa_fisica" name="pessoa_fisica_pessoa_endereco_fk" onDelete="none" onUpdate="none">
            <option key="foreignSchemaName" value="public"/>
            <option key="exported" value="false"/>
            <reference foreign="id" local="pessoa"/>
        </foreign-key>
        <unique name="pessoa_endereco_pk">
            <unique-column name="id"/>
        </unique>
    </table>
    <table alias="public" name="pessoa_fisica">
        <column name="id" primaryKey="true" required="true" scale="0" size="19" type="-5,bigserial"/>
        <column name="nome" primaryKey="false" required="true" scale="0" size="100" type="12,varchar"/>
        <column name="nome_social" primaryKey="false" required="false" scale="0" size="70" type="12,varchar"/>
        <column name="nascimento" primaryKey="false" required="false" scale="0" size="13" type="91,date"/>
        <column name="sexo" primaryKey="false" required="true" scale="0" size="19" type="-5,int8"/>
        <column name="estado_civil" primaryKey="false" required="false" scale="0" size="19" type="-5,int8"/>
        <column description="fk.municipio" name="naturalde" primaryKey="false" required="false" scale="0" size="19" type="-5,int8"/>
        <column name="usuario" primaryKey="false" required="true" scale="0" size="10" type="4,int4"/>
        <column name="filhos" primaryKey="false" required="true" scale="0" size="1" type="-7,bool"/>
        <column name="deficiente" primaryKey="false" required="true" scale="0" size="1" type="-7,bool"/>
        <column name="deficiencia_tipo" primaryKey="false" required="false" scale="0" size="19" type="-5,int8"/>
        <foreign-key foreignTable="deficiencia_tipo" name="deficiencia_tipo_pessoa_fisica_fk" onDelete="none" onUpdate="none">
            <option key="foreignSchemaName" value="public"/>
            <option key="exported" value="false"/>
            <reference foreign="id" local="deficiencia_tipo"/>
        </foreign-key>
        <foreign-key foreignTable="end_municipios" name="end_municipios_pessoa_fisica_fk" onDelete="none" onUpdate="none">
            <option key="foreignSchemaName" value="public"/>
            <option key="exported" value="false"/>
            <reference foreign="id" local="naturalde"/>
        </foreign-key>
        <foreign-key foreignTable="estado_civil" name="estado_civil_pessoa_fisica_fk" onDelete="none" onUpdate="none">
            <option key="foreignSchemaName" value="public"/>
            <option key="exported" value="false"/>
            <reference foreign="id" local="estado_civil"/>
        </foreign-key>
        <foreign-key foreignTable="pessoa_genero" name="pessoa_genero_pessoa_fisica_fk" onDelete="none" onUpdate="none">
            <option key="foreignSchemaName" value="public"/>
            <option key="exported" value="false"/>
            <reference foreign="id" local="sexo"/>
        </foreign-key>
        <foreign-key foreignTable="comite_bens" name="pessoa_fisica_comite_bens_fk" onDelete="none" onUpdate="none">
            <option key="foreignSchemaName" value="public"/>
            <option key="exported" value="true"/>
            <reference foreign="responsavel" local="id"/>
        </foreign-key>
        <foreign-key foreignTable="comites" name="pessoa_fisica_comites_fk" onDelete="none" onUpdate="none">
            <option key="foreignSchemaName" value="public"/>
            <option key="exported" value="true"/>
            <reference foreign="responsavel" local="id"/>
        </foreign-key>
        <foreign-key foreignTable="doacao" name="pessoa_fisica_doacao_fk" onDelete="none" onUpdate="none">
            <option key="foreignSchemaName" value="public"/>
            <option key="exported" value="true"/>
            <reference foreign="pessoa" local="id"/>
        </foreign-key>
        <foreign-key foreignTable="familia" name="pessoa_fisica_familia_fk1" onDelete="none" onUpdate="none">
            <option key="foreignSchemaName" value="public"/>
            <option key="exported" value="true"/>
            <reference foreign="pessoa_parent" local="id"/>
        </foreign-key>
        <foreign-key foreignTable="familia" name="pessoa_fisica_familia_fk" onDelete="none" onUpdate="none">
            <option key="foreignSchemaName" value="public"/>
            <option key="exported" value="true"/>
            <reference foreign="pessoa" local="id"/>
        </foreign-key>
        <foreign-key foreignTable="grupos_acao" name="pessoas_grupos_fk" onDelete="none" onUpdate="none">
            <option key="foreignSchemaName" value="public"/>
            <option key="exported" value="true"/>
            <reference foreign="pessoa_lider" local="id"/>
        </foreign-key>
        <foreign-key foreignTable="memoria_politica" name="pessoa_fisica_memoria_politica_fk" onDelete="none" onUpdate="none">
            <option key="foreignSchemaName" value="public"/>
            <option key="exported" value="true"/>
            <reference foreign="pessoa" local="id"/>
        </foreign-key>
        <foreign-key foreignTable="pessoa_contatos" name="pessoa_fisica_pessoa_contatos_fk" onDelete="none" onUpdate="none">
            <option key="foreignSchemaName" value="public"/>
            <option key="exported" value="true"/>
            <reference foreign="pessoa" local="id"/>
        </foreign-key>
        <foreign-key foreignTable="pessoa_endereco" name="pessoa_fisica_pessoa_endereco_fk" onDelete="none" onUpdate="none">
            <option key="foreignSchemaName" value="public"/>
            <option key="exported" value="true"/>
            <reference foreign="pessoa" local="id"/>
        </foreign-key>
        <foreign-key foreignTable="pessoa_influencia" name="pessoa_fisica_pessoa_influencia_fk" onDelete="none" onUpdate="none">
            <option key="foreignSchemaName" value="public"/>
            <option key="exported" value="true"/>
            <reference foreign="pessoa" local="id"/>
        </foreign-key>
        <foreign-key foreignTable="socio_politico" name="pessoa_fisica_socio_politico_fk" onDelete="none" onUpdate="none">
            <option key="foreignSchemaName" value="public"/>
            <option key="exported" value="true"/>
            <reference foreign="captador" local="id"/>
        </foreign-key>
        <foreign-key foreignTable="socio_politico" name="pessoas_sociopolitico_fk" onDelete="none" onUpdate="none">
            <option key="foreignSchemaName" value="public"/>
            <option key="exported" value="true"/>
            <reference foreign="pessoa" local="id"/>
        </foreign-key>
        <foreign-key foreignTable="usuarios" name="pessoa_fisica_usuarios_fk" onDelete="none" onUpdate="none">
            <option key="foreignSchemaName" value="public"/>
            <option key="exported" value="true"/>
            <reference foreign="pessoa" local="id"/>
        </foreign-key>
        <unique name="pessoa_fisica_pk">
            <unique-column name="id"/>
        </unique>
    </table>
    <table alias="public" name="pessoa_genero">
        <column name="id" primaryKey="true" required="true" scale="0" size="19" type="-5,bigserial"/>
        <column name="descricao" primaryKey="false" required="true" scale="0" size="70" type="12,varchar"/>
        <foreign-key foreignTable="pessoa_fisica" name="pessoa_genero_pessoa_fisica_fk" onDelete="none" onUpdate="none">
            <option key="foreignSchemaName" value="public"/>
            <option key="exported" value="true"/>
            <reference foreign="sexo" local="id"/>
        </foreign-key>
        <unique name="pessoa_genero_pk">
            <unique-column name="id"/>
        </unique>
    </table>
    <table alias="public" name="pessoa_influencia">
        <column name="id" primaryKey="true" required="true" scale="0" size="19" type="-5,bigserial"/>
        <column name="pessoa" primaryKey="false" required="true" scale="0" size="19" type="-5,int8"/>
        <column name="area" primaryKey="false" required="true" scale="0" size="19" type="-5,int8"/>
        <column name="influencia" primaryKey="false" required="true" scale="0" size="2147483647" type="12,text"/>
        <foreign-key foreignTable="area_influencia" name="area_influencia_pessoa_influencia_fk" onDelete="none" onUpdate="none">
            <option key="foreignSchemaName" value="public"/>
            <option key="exported" value="false"/>
            <reference foreign="id" local="area"/>
        </foreign-key>
        <foreign-key foreignTable="pessoa_fisica" name="pessoa_fisica_pessoa_influencia_fk" onDelete="none" onUpdate="none">
            <option key="foreignSchemaName" value="public"/>
            <option key="exported" value="false"/>
            <reference foreign="id" local="pessoa"/>
        </foreign-key>
        <unique name="pessoa_influencia_pk">
            <unique-column name="id"/>
        </unique>
    </table>
    <table alias="public" name="profissoes">
        <column name="id" primaryKey="true" required="true" scale="0" size="19" type="-5,bigserial"/>
        <column name="descricao" primaryKey="false" required="true" scale="0" size="70" type="12,varchar"/>
        <column name="comemorar" primaryKey="false" required="true" scale="0" size="13" type="91,date"/>
        <foreign-key foreignTable="socio_politico" name="profissoes_sociopolitico_fk" onDelete="none" onUpdate="none">
            <option key="foreignSchemaName" value="public"/>
            <option key="exported" value="true"/>
            <reference foreign="profissao" local="id"/>
        </foreign-key>
        <unique name="profissoes_pk">
            <unique-column name="id"/>
        </unique>
    </table>
    <table alias="public" name="publico_alvo">
        <column name="id" primaryKey="true" required="true" scale="0" size="19" type="-5,bigserial"/>
        <column name="descricao" primaryKey="false" required="true" scale="0" size="100" type="12,varchar"/>
        <foreign-key foreignTable="comites" name="publico_alvo_comites_fk" onDelete="none" onUpdate="none">
            <option key="foreignSchemaName" value="public"/>
            <option key="exported" value="true"/>
            <reference foreign="publico_alvo" local="id"/>
        </foreign-key>
        <foreign-key foreignTable="eventos" name="publico_alvo_eventos_fk" onDelete="none" onUpdate="none">
            <option key="foreignSchemaName" value="public"/>
            <option key="exported" value="true"/>
            <reference foreign="publico_alvo" local="id"/>
        </foreign-key>
        <foreign-key foreignTable="grupo_atuacao" name="publico_alvo_grupo_atuacao_fk" onDelete="none" onUpdate="none">
            <option key="foreignSchemaName" value="public"/>
            <option key="exported" value="true"/>
            <reference foreign="publico_alvo" local="id"/>
        </foreign-key>
        <unique name="publico_alvo_pk">
            <unique-column name="id"/>
        </unique>
    </table>
    <table alias="public" name="qualificacao">
        <column name="id" primaryKey="true" required="true" scale="0" size="19" type="-5,bigserial"/>
        <column name="descricao" primaryKey="false" required="true" scale="0" size="70" type="12,varchar"/>
        <foreign-key foreignTable="socio_politico" name="qualificacao_sociopolitico_fk" onDelete="none" onUpdate="none">
            <option key="foreignSchemaName" value="public"/>
            <option key="exported" value="true"/>
            <reference foreign="qualificacao" local="id"/>
        </foreign-key>
        <unique name="qualificacao_pk">
            <unique-column name="id"/>
        </unique>
    </table>
    <table alias="public" name="religiao">
        <column name="id" primaryKey="true" required="true" scale="0" size="19" type="-5,bigserial"/>
        <column name="descricao" primaryKey="false" required="true" scale="0" size="100" type="12,varchar"/>
        <foreign-key foreignTable="socio_politico" name="religiao_socio_politico_fk" onDelete="none" onUpdate="none">
            <option key="foreignSchemaName" value="public"/>
            <option key="exported" value="true"/>
            <reference foreign="religiao" local="id"/>
        </foreign-key>
        <unique name="religiao_pk">
            <unique-column name="id"/>
        </unique>
    </table>
    <table alias="public" name="socio_politico">
        <column name="id" primaryKey="true" required="true" scale="0" size="19" type="-5,bigserial"/>
        <column name="pessoa" primaryKey="false" required="true" scale="0" size="19" type="-5,int8"/>
        <column description="pessoa que apresentou" name="captador" primaryKey="false" required="false" scale="0" size="19" type="-5,int8"/>
        <column name="captador_relacionameto" primaryKey="false" required="false" scale="0" size="19" type="-5,int8"/>
        <column name="renda_individual" primaryKey="false" required="false" scale="2" size="9" type="2,numeric"/>
        <column name="renda_familiar" primaryKey="false" required="false" scale="2" size="9" type="2,numeric"/>
        <column name="pessoas_casa" primaryKey="false" required="false" scale="0" size="10" type="4,int4"/>
        <column description="fk_escolaridade" name="escolaridade" primaryKey="false" required="false" scale="0" size="19" type="-5,int8"/>
        <column name="profissao" primaryKey="false" required="false" scale="0" size="19" type="-5,int8"/>
        <column name="empregado" primaryKey="false" required="true" scale="0" size="1" type="-7,bool"/>
        <column name="local_trabalho" primaryKey="false" required="false" scale="0" size="70" type="12,varchar"/>
        <column name="religiao" primaryKey="false" required="false" scale="0" size="19" type="-5,int8"/>
        <column description="hetero,&#10;homosexual" name="orientacao_sexual" primaryKey="false" required="false" scale="0" size="45" type="12,varchar"/>
        <column name="orientacao_politica" primaryKey="false" required="false" scale="0" size="19" type="-5,int8"/>
        <column name="municipio_voto" primaryKey="false" required="false" scale="0" size="19" type="-5,int8"/>
        <column name="bairro_voto" primaryKey="false" required="false" scale="0" size="19" type="-5,int8"/>
        <column name="localidade_voto" primaryKey="false" required="false" scale="0" size="70" type="12,varchar"/>
        <column name="sobre_pessoa" primaryKey="false" required="false" scale="0" size="2147483647" type="12,text"/>
        <column name="qualificacao" primaryKey="false" required="false" scale="0" size="19" type="-5,int8"/>
        <column description="Autorização para placas e outdoors" name="placa" primaryKey="false" required="false" scale="0" size="19" type="-5,int8"/>
        <column description="Sim,&#10;Não,&#10;Incerto" name="voto" primaryKey="false" required="false" scale="0" size="19" type="-5,int8"/>
        <column name="grupo" primaryKey="false" required="false" scale="0" size="19" type="-5,int8"/>
        <column name="ultima_atualizacao" primaryKey="false" required="true" scale="0" size="13" type="91,date"/>
        <foreign-key foreignTable="aux_respostas" name="aux_respostas_socio_politico_fk1" onDelete="none" onUpdate="none">
            <option key="foreignSchemaName" value="public"/>
            <option key="exported" value="false"/>
            <reference foreign="id" local="voto"/>
        </foreign-key>
        <foreign-key foreignTable="aux_respostas" name="aux_respostas_socio_politico_fk" onDelete="none" onUpdate="none">
            <option key="foreignSchemaName" value="public"/>
            <option key="exported" value="false"/>
            <reference foreign="id" local="placa"/>
        </foreign-key>
        <foreign-key foreignTable="captador_relacionamento" name="captador_rel_sociopolitico_fk" onDelete="none" onUpdate="none">
            <option key="foreignSchemaName" value="public"/>
            <option key="exported" value="false"/>
            <reference foreign="id" local="captador_relacionameto"/>
        </foreign-key>
        <foreign-key foreignTable="end_bairros" name="end_bairros_socio_politico_fk" onDelete="none" onUpdate="none">
            <option key="foreignSchemaName" value="public"/>
            <option key="exported" value="false"/>
            <reference foreign="id" local="bairro_voto"/>
        </foreign-key>
        <foreign-key foreignTable="end_municipios" name="end_municipios_socio_politico_fk" onDelete="none" onUpdate="none">
            <option key="foreignSchemaName" value="public"/>
            <option key="exported" value="false"/>
            <reference foreign="id" local="municipio_voto"/>
        </foreign-key>
        <foreign-key foreignTable="escolaridade" name="escolaridade_socio_politico_fk" onDelete="none" onUpdate="none">
            <option key="foreignSchemaName" value="public"/>
            <option key="exported" value="false"/>
            <reference foreign="id" local="escolaridade"/>
        </foreign-key>
        <foreign-key foreignTable="grupos_acao" name="grupos_sociopolitico_fk" onDelete="none" onUpdate="none">
            <option key="foreignSchemaName" value="public"/>
            <option key="exported" value="false"/>
            <reference foreign="id" local="grupo"/>
        </foreign-key>
        <foreign-key foreignTable="orientacao_politica" name="partidos_sociopolitico_fk" onDelete="none" onUpdate="none">
            <option key="foreignSchemaName" value="public"/>
            <option key="exported" value="false"/>
            <reference foreign="id" local="orientacao_politica"/>
        </foreign-key>
        <foreign-key foreignTable="pessoa_fisica" name="pessoa_fisica_socio_politico_fk" onDelete="none" onUpdate="none">
            <option key="foreignSchemaName" value="public"/>
            <option key="exported" value="false"/>
            <reference foreign="id" local="captador"/>
        </foreign-key>
        <foreign-key foreignTable="pessoa_fisica" name="pessoas_sociopolitico_fk" onDelete="none" onUpdate="none">
            <option key="foreignSchemaName" value="public"/>
            <option key="exported" value="false"/>
            <reference foreign="id" local="pessoa"/>
        </foreign-key>
        <foreign-key foreignTable="profissoes" name="profissoes_sociopolitico_fk" onDelete="none" onUpdate="none">
            <option key="foreignSchemaName" value="public"/>
            <option key="exported" value="false"/>
            <reference foreign="id" local="profissao"/>
        </foreign-key>
        <foreign-key foreignTable="qualificacao" name="qualificacao_sociopolitico_fk" onDelete="none" onUpdate="none">
            <option key="foreignSchemaName" value="public"/>
            <option key="exported" value="false"/>
            <reference foreign="id" local="qualificacao"/>
        </foreign-key>
        <foreign-key foreignTable="religiao" name="religiao_socio_politico_fk" onDelete="none" onUpdate="none">
            <option key="foreignSchemaName" value="public"/>
            <option key="exported" value="false"/>
            <reference foreign="id" local="religiao"/>
        </foreign-key>
        <unique name="socio_politico_pk">
            <unique-column name="id"/>
        </unique>
    </table>
    <table alias="public" name="usuarios">
        <column name="id" primaryKey="true" required="true" scale="0" size="19" type="-5,bigserial"/>
        <column name="pessoa" primaryKey="false" required="true" scale="0" size="19" type="-5,int8"/>
        <column name="usuario" primaryKey="false" required="true" scale="0" size="24" type="12,varchar"/>
        <column name="senha" primaryKey="false" required="true" scale="0" size="32" type="12,varchar"/>
        <column name="perfil" primaryKey="false" required="true" scale="0" size="19" type="-5,int8"/>
        <column name="ativo" primaryKey="false" required="true" scale="0" size="1" type="-7,bool"/>
        <foreign-key foreignTable="perfis" name="perfis_usuarios_fk" onDelete="none" onUpdate="none">
            <option key="foreignSchemaName" value="public"/>
            <option key="exported" value="false"/>
            <reference foreign="id" local="perfil"/>
        </foreign-key>
        <foreign-key foreignTable="pessoa_fisica" name="pessoa_fisica_usuarios_fk" onDelete="none" onUpdate="none">
            <option key="foreignSchemaName" value="public"/>
            <option key="exported" value="false"/>
            <reference foreign="id" local="pessoa"/>
        </foreign-key>
        <unique name="usuarios_pk">
            <unique-column name="id"/>
        </unique>
    </table>
    <table alias="public" name="zonas_secoes">
        <column name="id" primaryKey="true" required="true" scale="0" size="19" type="-5,bigserial"/>
        <column name="zona" primaryKey="false" required="true" scale="0" size="10" type="12,varchar"/>
        <column name="secao" primaryKey="false" required="true" scale="0" size="10" type="12,varchar"/>
        <column name="complemento" primaryKey="false" required="true" scale="0" size="70" type="12,varchar"/>
        <column name="bairro" primaryKey="false" required="true" scale="0" size="19" type="-5,int8"/>
        <foreign-key foreignTable="end_bairros" name="end_bairros_zonas_secoes_fk" onDelete="none" onUpdate="none">
            <option key="foreignSchemaName" value="public"/>
            <option key="exported" value="false"/>
            <reference foreign="id" local="bairro"/>
        </foreign-key>
        <unique name="zonas_secoes_pk">
            <unique-column name="id"/>
        </unique>
    </table>
</database>
